$ for i in $(echo */); do
cd $i; ../../scripts/change_duplicated_name.sh; cd ..;                     
done
1014-buffalo_headbutt_jab/hb1.png renamed as 1014-buffalo_headbutt_jab/hb1bis.png
1014-buffalo_headbutt_jab/hb2.png renamed as 1014-buffalo_headbutt_jab/hb2bis.png
1014-buffalo_headbutt_jab/hb3.png renamed as 1014-buffalo_headbutt_jab/hb3bis.png
1014-buffalo_headbutt_jab/hb5.png renamed as 1014-buffalo_headbutt_jab/hb5bis.png
1014-buffalo_headbutt_jab/hb6.png renamed as 1014-buffalo_headbutt_jab/hb6bis.png
1014-buffalo_headbutt_jab/hb7.png renamed as 1014-buffalo_headbutt_jab/hb7bis.png
1024-buffalo_headbutt_strong/hb1.png renamed as 1024-buffalo_headbutt_strong/hb1bis.png
1014-buffalo_headbutt_jab/hb1bis.png renamed as 1014-buffalo_headbutt_jab/hb1bisbis.png
1024-buffalo_headbutt_strong/hb2.png renamed as 1024-buffalo_headbutt_strong/hb2bis.png
1014-buffalo_headbutt_jab/hb2bis.png renamed as 1014-buffalo_headbutt_jab/hb2bisbis.png
1024-buffalo_headbutt_strong/hb3.png renamed as 1024-buffalo_headbutt_strong/hb3bis.png
1014-buffalo_headbutt_jab/hb3bis.png renamed as 1014-buffalo_headbutt_jab/hb3bisbis.png
1024-buffalo_headbutt_strong/hb5.png renamed as 1024-buffalo_headbutt_strong/hb5bis.png
1014-buffalo_headbutt_jab/hb5bis.png renamed as 1014-buffalo_headbutt_jab/hb5bisbis.png
1024-buffalo_headbutt_strong/hb6.png renamed as 1024-buffalo_headbutt_strong/hb6bis.png
1014-buffalo_headbutt_jab/hb6bis.png renamed as 1014-buffalo_headbutt_jab/hb6bisbis.png
1024-buffalo_headbutt_strong/hb7.png renamed as 1024-buffalo_headbutt_strong/hb7bis.png
1014-buffalo_headbutt_jab/hb7bis.png renamed as 1014-buffalo_headbutt_jab/hb7bisbis.png
1033-straight_rush_jab_fierce/srush1.png renamed as 1033-straight_rush_jab_fierce/srush1bis.png
1033-straight_rush_jab_fierce/srush2.png renamed as 1033-straight_rush_jab_fierce/srush2bis.png
1033-straight_rush_jab_fierce/srush3.png renamed as 1033-straight_rush_jab_fierce/srush3bis.png
1033-straight_rush_jab_fierce/srush4.png renamed as 1033-straight_rush_jab_fierce/srush4bis.png
end
1010-electric_thunder/elec1.png renamed as 1010-electric_thunder/elec1bis.png
1020-horizontal_roll/Blanka_lands1.png renamed as 1020-horizontal_roll/Blanka_lands1bis.png
1020-horizontal_roll/Blanka_lands2.png renamed as 1020-horizontal_roll/Blanka_lands2bis.png
1020-horizontal_roll/Blanka_lands3.png renamed as 1020-horizontal_roll/Blanka_lands3bis.png
1030-vertical_roll_knockback/lands1.png renamed as 1030-vertical_roll_knockback/lands1bis.png
1030-vertical_roll_knockback/lands2.png renamed as 1030-vertical_roll_knockback/lands2bis.png
1030-vertical_roll_knockback/lands3.png renamed as 1030-vertical_roll_knockback/lands3bis.png
end
1010-spin_knuckle_jab/sk10.png renamed as 1010-spin_knuckle_jab/sk10bis.png
1010-spin_knuckle_jab/sk11.png renamed as 1010-spin_knuckle_jab/sk11bis.png
1010-spin_knuckle_jab/sk12.png renamed as 1010-spin_knuckle_jab/sk12bis.png
1010-spin_knuckle_jab/sk13.png renamed as 1010-spin_knuckle_jab/sk13bis.png
1010-spin_knuckle_jab/sk1.png renamed as 1010-spin_knuckle_jab/sk1bis.png
1010-spin_knuckle_jab/sk6.png renamed as 1010-spin_knuckle_jab/sk6bis.png
1010-spin_knuckle_jab/sk7.png renamed as 1010-spin_knuckle_jab/sk7bis.png
1010-spin_knuckle_jab/sk8.png renamed as 1010-spin_knuckle_jab/sk8bis.png
1010-spin_knuckle_jab/sk9.png renamed as 1010-spin_knuckle_jab/sk9bis.png
1010-spin_knuckle/sk10.png renamed as 1010-spin_knuckle/sk10bis.png
1010-spin_knuckle_jab/sk10bis.png renamed as 1010-spin_knuckle_jab/sk10bisbis.png
1010-spin_knuckle/sk11.png renamed as 1010-spin_knuckle/sk11bis.png
1010-spin_knuckle_jab/sk11bis.png renamed as 1010-spin_knuckle_jab/sk11bisbis.png
1010-spin_knuckle/sk12.png renamed as 1010-spin_knuckle/sk12bis.png
1010-spin_knuckle_jab/sk12bis.png renamed as 1010-spin_knuckle_jab/sk12bisbis.png
1010-spin_knuckle/sk13.png renamed as 1010-spin_knuckle/sk13bis.png
1010-spin_knuckle_jab/sk13bis.png renamed as 1010-spin_knuckle_jab/sk13bisbis.png
1010-spin_knuckle/sk1.png renamed as 1010-spin_knuckle/sk1bis.png
1010-spin_knuckle_jab/sk1bis.png renamed as 1010-spin_knuckle_jab/sk1bisbis.png
1010-spin_knuckle/sk2.png renamed as 1010-spin_knuckle/sk2bis.png
1010-spin_knuckle/sk3.png renamed as 1010-spin_knuckle/sk3bis.png
1010-spin_knuckle/sk4.png renamed as 1010-spin_knuckle/sk4bis.png
1010-spin_knuckle/sk5.png renamed as 1010-spin_knuckle/sk5bis.png
1010-spin_knuckle/sk6.png renamed as 1010-spin_knuckle/sk6bis.png
1010-spin_knuckle_jab/sk6bis.png renamed as 1010-spin_knuckle_jab/sk6bisbis.png
1010-spin_knuckle/sk7.png renamed as 1010-spin_knuckle/sk7bis.png
1010-spin_knuckle_jab/sk7bis.png renamed as 1010-spin_knuckle_jab/sk7bisbis.png
1010-spin_knuckle/sk8.png renamed as 1010-spin_knuckle/sk8bis.png
1010-spin_knuckle_jab/sk8bis.png renamed as 1010-spin_knuckle_jab/sk8bisbis.png
1010-spin_knuckle/sk9.png renamed as 1010-spin_knuckle/sk9bis.png
1010-spin_knuckle_jab/sk9bis.png renamed as 1010-spin_knuckle_jab/sk9bisbis.png
1041-spiral_arrow_short/cd1.png renamed as 1041-spiral_arrow_short/cd1bis.png
1041-spiral_arrow_short/cd2.png renamed as 1041-spiral_arrow_short/cd2bis.png
1041-spiral_arrow_short/cd3.png renamed as 1041-spiral_arrow_short/cd3bis.png
1041-spiral_arrow_short/cd5.png renamed as 1041-spiral_arrow_short/cd5bis.png
1041-spiral_arrow_short/cd6.png renamed as 1041-spiral_arrow_short/cd6bis.png
1041-spiral_arrow_short/cd7.png renamed as 1041-spiral_arrow_short/cd7bis.png
1041-spiral_arrow_short/cd8.png renamed as 1041-spiral_arrow_short/cd8bis.png
1050-spiral_arrow_forward/cd1.png renamed as 1050-spiral_arrow_forward/cd1bis.png
1041-spiral_arrow_short/cd1bis.png renamed as 1041-spiral_arrow_short/cd1bisbis.png
1050-spiral_arrow_forward/cd2.png renamed as 1050-spiral_arrow_forward/cd2bis.png
1041-spiral_arrow_short/cd2bis.png renamed as 1041-spiral_arrow_short/cd2bisbis.png
1050-spiral_arrow_forward/cd3.png renamed as 1050-spiral_arrow_forward/cd3bis.png
1041-spiral_arrow_short/cd3bis.png renamed as 1041-spiral_arrow_short/cd3bisbis.png
1050-spiral_arrow_forward/cd5.png renamed as 1050-spiral_arrow_forward/cd5bis.png
1041-spiral_arrow_short/cd5bis.png renamed as 1041-spiral_arrow_short/cd5bisbis.png
1050-spiral_arrow_forward/cd6.png renamed as 1050-spiral_arrow_forward/cd6bis.png
1041-spiral_arrow_short/cd6bis.png renamed as 1041-spiral_arrow_short/cd6bisbis.png
1050-spiral_arrow_forward/cd7.png renamed as 1050-spiral_arrow_forward/cd7bis.png
1041-spiral_arrow_short/cd7bis.png renamed as 1041-spiral_arrow_short/cd7bisbis.png
1050-spiral_arrow_forward/cd8.png renamed as 1050-spiral_arrow_forward/cd8bis.png
1041-spiral_arrow_short/cd8bis.png renamed as 1041-spiral_arrow_short/cd8bisbis.png
9100-back_jump/bj10.png renamed as 9100-back_jump/bj10bis.png
9100-back_jump/bj1.png renamed as 9100-back_jump/bj1bis.png
9100-back_jump/bj2.png renamed as 9100-back_jump/bj2bis.png
9100-back_jump/bj3.png renamed as 9100-back_jump/bj3bis.png
9100-back_jump/bj4.png renamed as 9100-back_jump/bj4bis.png
9100-back_jump/bj5.png renamed as 9100-back_jump/bj5bis.png
9100-back_jump/bj6.png renamed as 9100-back_jump/bj6bis.png
9100-back_jump/bj7.png renamed as 9100-back_jump/bj7bis.png
9100-back_jump/bj8.png renamed as 9100-back_jump/bj8bis.png
9100-back_jump/bj9.png renamed as 9100-back_jump/bj9bis.png
9100-neutral_jump/nj10.png renamed as 9100-neutral_jump/nj10bis.png
9100-neutral_jump/nj1.png renamed as 9100-neutral_jump/nj1bis.png
9100-neutral_jump/nj2.png renamed as 9100-neutral_jump/nj2bis.png
9100-neutral_jump/nj3.png renamed as 9100-neutral_jump/nj3bis.png
9100-neutral_jump/nj4.png renamed as 9100-neutral_jump/nj4bis.png
9100-neutral_jump/nj5.png renamed as 9100-neutral_jump/nj5bis.png
9100-neutral_jump/nj6.png renamed as 9100-neutral_jump/nj6bis.png
9100-neutral_jump/nj7.png renamed as 9100-neutral_jump/nj7bis.png
9100-neutral_jump/nj8.png renamed as 9100-neutral_jump/nj8bis.png
9100-neutral_jump/nj9.png renamed as 9100-neutral_jump/nj9bis.png
end
1040-tenshou_kyaku_short/upk1.png renamed as 1040-tenshou_kyaku_short/upk1bis.png
1040-tenshou_kyaku_short/upk2.png renamed as 1040-tenshou_kyaku_short/upk2bis.png
1050-tenshou_kyaku_forward/upk1.png renamed as 1050-tenshou_kyaku_forward/upk1bis.png
1040-tenshou_kyaku_short/upk1bis.png renamed as 1040-tenshou_kyaku_short/upk1bisbis.png
1050-tenshou_kyaku_forward/upk2.png renamed as 1050-tenshou_kyaku_forward/upk2bis.png
1040-tenshou_kyaku_short/upk2bis.png renamed as 1040-tenshou_kyaku_short/upk2bisbis.png
end
1010-air_slasher_jab_strong/mo1.png renamed as 1010-air_slasher_jab_strong/mo1bis.png
1010-air_slasher_jab_strong/mo2.png renamed as 1010-air_slasher_jab_strong/mo2bis.png
1010-air_slasher_jab_strong/mo3.png renamed as 1010-air_slasher_jab_strong/mo3bis.png
1010-air_slasher_jab_strong/mo4.png renamed as 1010-air_slasher_jab_strong/mo4bis.png
1020-machine_gun_upper_mash/mgu1.png renamed as 1020-machine_gun_upper_mash/mgu1bis.png
1020-machine_gun_upper_mash/mgu2.gif renamed as 1020-machine_gun_upper_mash/mgu2bis.png
1020-machine_gun_upper_mash/mgu5.png renamed as 1020-machine_gun_upper_mash/mgu5bis.png
1020-machine_gun_upper_mash/mgu6.png renamed as 1020-machine_gun_upper_mash/mgu6bis.png
1020-machine_gun_upper_mash/mgu7.png renamed as 1020-machine_gun_upper_mash/mgu7bis.png
1020-machine_gun_upper_mash/mgu8.png renamed as 1020-machine_gun_upper_mash/mgu8bis.png
1040-jackknife_short/jm1.png renamed as 1040-jackknife_short/jm1bis.png
1040-jackknife_short/jm2.png renamed as 1040-jackknife_short/jm2bis.png
1040-jackknife_short/jm3.png renamed as 1040-jackknife_short/jm3bis.png
1040-jackknife_short/jm4.png renamed as 1040-jackknife_short/jm4bis.png
1040-rolling_sobat_short/rs15.png renamed as 1040-rolling_sobat_short/rs15bis.png
1040-rolling_sobat_short/rs16.png renamed as 1040-rolling_sobat_short/rs16bis.png
1040-rolling_sobat_short/rs17.png renamed as 1040-rolling_sobat_short/rs17bis.png
1040-rolling_sobat_short/rs18.png renamed as 1040-rolling_sobat_short/rs18bis.png
1040-rolling_sobat_short/rs1.png renamed as 1040-rolling_sobat_short/rs1bis.png
1040-rolling_sobat_short/rs4.png renamed as 1040-rolling_sobat_short/rs4bis.png
1040-rolling_sobat_short/rs5.png renamed as 1040-rolling_sobat_short/rs5bis.png
1040-rolling_sobat_short/rs6.png renamed as 1040-rolling_sobat_short/rs6bis.png
1040-rolling_sobat_short/rs7.png renamed as 1040-rolling_sobat_short/rs7bis.png
1040-rolling_sobat_short/rs8.png renamed as 1040-rolling_sobat_short/rs8bis.png
1050-jackknife_forward/jm1.png renamed as 1050-jackknife_forward/jm1bis.png
1040-jackknife_short/jm1bis.png renamed as 1040-jackknife_short/jm1bisbis.png
1050-jackknife_forward/jm2.png renamed as 1050-jackknife_forward/jm2bis.png
1040-jackknife_short/jm2bis.png renamed as 1040-jackknife_short/jm2bisbis.png
1050-jackknife_forward/jm3.png renamed as 1050-jackknife_forward/jm3bis.png
1040-jackknife_short/jm3bis.png renamed as 1040-jackknife_short/jm3bisbis.png
1050-jackknife_forward/jm4.png renamed as 1050-jackknife_forward/jm4bis.png
1040-jackknife_short/jm4bis.png renamed as 1040-jackknife_short/jm4bisbis.png
end
0245-drill_short/drill1.png renamed as 0245-drill_short/drill1bis.png
0245-drill_short/drill2.gif renamed as 0245-drill_short/drill2bis.png
0255-drill_forward/drill1.png renamed as 0255-drill_forward/drill1bis.png
0245-drill_short/drill1bis.png renamed as 0245-drill_short/drill1bisbis.png
0255-drill_forward/drill2.gif renamed as 0255-drill_forward/drill2bis.png
0245-drill_short/drill2bis.png renamed as 0245-drill_short/drill2bisbis.png
end
1010-headbutt_jab/hb1.png renamed as 1010-headbutt_jab/hb1bis.png
1010-headbutt_jab/hb2.png renamed as 1010-headbutt_jab/hb2bis.png
1010-headbutt_jab/hb3.png renamed as 1010-headbutt_jab/hb3bis.png
1010-headbutt_jab/hb4.png renamed as 1010-headbutt_jab/hb4bis.png
1010-headbutt_jab/hb5.png renamed as 1010-headbutt_jab/hb5bis.png
1010-headbutt_jab/hblands1.png renamed as 1010-headbutt_jab/hblands1bis.png
1010-headbutt_jab/hblands2.png renamed as 1010-headbutt_jab/hblands2bis.png
1010-headbutt_jab/hblands3.png renamed as 1010-headbutt_jab/hblands3bis.png
1010-headbutt_jab/hblands4.png renamed as 1010-headbutt_jab/hblands4bis.png
1010-headbutt_jab/hblands5.png renamed as 1010-headbutt_jab/hblands5bis.png
1010-headbutt_jab/hblands6.png renamed as 1010-headbutt_jab/hblands6bis.png
1010-headbutt_jab/hblands7.png renamed as 1010-headbutt_jab/hblands7bis.png
1011-headbutt_strong/hb1.png renamed as 1011-headbutt_strong/hb1bis.png
1010-headbutt_jab/hb1bis.png renamed as 1010-headbutt_jab/hb1bisbis.png
1011-headbutt_strong/hb2.png renamed as 1011-headbutt_strong/hb2bis.png
1010-headbutt_jab/hb2bis.png renamed as 1010-headbutt_jab/hb2bisbis.png
1011-headbutt_strong/hb3.png renamed as 1011-headbutt_strong/hb3bis.png
1010-headbutt_jab/hb3bis.png renamed as 1010-headbutt_jab/hb3bisbis.png
1011-headbutt_strong/hb4.png renamed as 1011-headbutt_strong/hb4bis.png
1010-headbutt_jab/hb4bis.png renamed as 1010-headbutt_jab/hb4bisbis.png
1011-headbutt_strong/hb5.png renamed as 1011-headbutt_strong/hb5bis.png
1010-headbutt_jab/hb5bis.png renamed as 1010-headbutt_jab/hb5bisbis.png
1011-headbutt_strong/hblands1.png renamed as 1011-headbutt_strong/hblands1bis.png
1010-headbutt_jab/hblands1bis.png renamed as 1010-headbutt_jab/hblands1bisbis.png
1011-headbutt_strong/hblands2.png renamed as 1011-headbutt_strong/hblands2bis.png
1010-headbutt_jab/hblands2bis.png renamed as 1010-headbutt_jab/hblands2bisbis.png
1011-headbutt_strong/hblands3.png renamed as 1011-headbutt_strong/hblands3bis.png
1010-headbutt_jab/hblands3bis.png renamed as 1010-headbutt_jab/hblands3bisbis.png
1011-headbutt_strong/hblands4.png renamed as 1011-headbutt_strong/hblands4bis.png
1010-headbutt_jab/hblands4bis.png renamed as 1010-headbutt_jab/hblands4bisbis.png
1011-headbutt_strong/hblands5.png renamed as 1011-headbutt_strong/hblands5bis.png
1010-headbutt_jab/hblands5bis.png renamed as 1010-headbutt_jab/hblands5bisbis.png
1011-headbutt_strong/hblands6.png renamed as 1011-headbutt_strong/hblands6bis.png
1010-headbutt_jab/hblands6bis.png renamed as 1010-headbutt_jab/hblands6bisbis.png
1011-headbutt_strong/hblands7.png renamed as 1011-headbutt_strong/hblands7bis.png
1010-headbutt_jab/hblands7bis.png renamed as 1010-headbutt_jab/hblands7bisbis.png
1040-sumo_splash_short_forward/bdrop11.png renamed as 1040-sumo_splash_short_forward/bdrop11bis.png
1040-sumo_splash_short_forward/bdrop12.png renamed as 1040-sumo_splash_short_forward/bdrop12bis.png
1040-sumo_splash_short_forward/bdrop13.png renamed as 1040-sumo_splash_short_forward/bdrop13bis.png
1040-sumo_splash_short_forward/bdrop14.png renamed as 1040-sumo_splash_short_forward/bdrop14bis.png
1040-sumo_splash_short_forward/bdrop1.png renamed as 1040-sumo_splash_short_forward/bdrop1bis.png
1040-sumo_splash_short_forward/bdrop2.png renamed as 1040-sumo_splash_short_forward/bdrop2bis.png
1040-sumo_splash_short_forward/bdrop3.png renamed as 1040-sumo_splash_short_forward/bdrop3bis.png
1040-sumo_splash_short_forward/bdrop4.png renamed as 1040-sumo_splash_short_forward/bdrop4bis.png
1040-sumo_splash_short_forward/bdrop5.png renamed as 1040-sumo_splash_short_forward/bdrop5bis.png
1040-sumo_splash_short_forward/bdrop6.png renamed as 1040-sumo_splash_short_forward/bdrop6bis.png
1040-sumo_splash_short_forward/bdrop7.png renamed as 1040-sumo_splash_short_forward/bdrop7bis.png
1040-sumo_splash_short_forward/bdrop8to10anm.gif renamed as 1040-sumo_splash_short_forward/bdrop8to10anmbis.png
end
end
1040-flashkick_jab/fk10.png renamed as 1040-flashkick_jab/fk10bis.png
1040-flashkick_jab/fk11.png renamed as 1040-flashkick_jab/fk11bis.png
1040-flashkick_jab/fk12.png renamed as 1040-flashkick_jab/fk12bis.png
1040-flashkick_jab/fk1.png renamed as 1040-flashkick_jab/fk1bis.png
1040-flashkick_jab/fk2.png renamed as 1040-flashkick_jab/fk2bis.png
1040-flashkick_jab/fk3.png renamed as 1040-flashkick_jab/fk3bis.png
1040-flashkick_jab/fk4.png renamed as 1040-flashkick_jab/fk4bis.png
1040-flashkick_jab/fk6.png renamed as 1040-flashkick_jab/fk6bis.png
1040-flashkick_jab/fk7.png renamed as 1040-flashkick_jab/fk7bis.png
1040-flashkick_jab/fk8.png renamed as 1040-flashkick_jab/fk8bis.png
1040-flashkick_jab/fk9.png renamed as 1040-flashkick_jab/fk9bis.png
end
end
1030-head_stomp_short/hs1.png renamed as 1030-head_stomp_short/hs1bis.png
1030-head_stomp_short/hs2.png renamed as 1030-head_stomp_short/hs2bis.png
1030-head_stomp_short/hs3.png renamed as 1030-head_stomp_short/hs3bis.png
1030-head_stomp_short/hs4.png renamed as 1030-head_stomp_short/hs4bis.png
1032-skull_diver_jab/sd1.png renamed as 1032-skull_diver_jab/sd1bis.png
1032-skull_diver_jab/sd5.png renamed as 1032-skull_diver_jab/sd5bis.png
1033-skull_diver_strong/sd1.png renamed as 1033-skull_diver_strong/sd1bis.png
1032-skull_diver_jab/sd1bis.png renamed as 1032-skull_diver_jab/sd1bisbis.png
1033-skull_diver_strong/sd3.png renamed as 1033-skull_diver_strong/sd3bis.png
1033-skull_diver_strong/sd4.png renamed as 1033-skull_diver_strong/sd4bis.png
1033-skull_diver_strong/sd5.png renamed as 1033-skull_diver_strong/sd5bis.png
1032-skull_diver_jab/sd5bis.png renamed as 1032-skull_diver_jab/sd5bisbis.png
9100-back_jump/bj1.png renamed as 9100-back_jump/bj1bis.png
9100-back_jump/bj2.png renamed as 9100-back_jump/bj2bis.png
9100-back_jump/bj3.png renamed as 9100-back_jump/bj3bis.png
9100-back_jump/bj4.png renamed as 9100-back_jump/bj4bis.png
9100-back_jump/bj5.png renamed as 9100-back_jump/bj5bis.png
9100-back_jump/bj6.png renamed as 9100-back_jump/bj6bis.png
9100-back_jump/bj7.png renamed as 9100-back_jump/bj7bis.png
9100-back_jump/bj8.png renamed as 9100-back_jump/bj8bis.png
9100-back_jump/bj9.png renamed as 9100-back_jump/bj9bis.png
9100-neutral_jump/nj1.png renamed as 9100-neutral_jump/nj1bis.png
9100-neutral_jump/nj2.png renamed as 9100-neutral_jump/nj2bis.png
9100-neutral_jump/nj3.png renamed as 9100-neutral_jump/nj3bis.png
9100-neutral_jump/nj4.png renamed as 9100-neutral_jump/nj4bis.png
9100-neutral_jump/nj5.png renamed as 9100-neutral_jump/nj5bis.png
9100-neutral_jump/nj6.png renamed as 9100-neutral_jump/nj6bis.png
9100-neutral_jump/nj7.png renamed as 9100-neutral_jump/nj7bis.png
9100-neutral_jump/nj8.png renamed as 9100-neutral_jump/nj8bis.png
9100-neutral_jump/nj9.png renamed as 9100-neutral_jump/nj9bis.png
end
end
1010-tiger_shot_jab/Sagat_ht1.png renamed as 1010-tiger_shot_jab/Sagat_ht1bis.png
1010-tiger_shot_jab/Sagat_ht2.png renamed as 1010-tiger_shot_jab/Sagat_ht2bis.png
1010-tiger_shot_jab/Sagat_ht3.png renamed as 1010-tiger_shot_jab/Sagat_ht3bis.png
1011-tiger_shot_strong/Sagat_ht1.png renamed as 1011-tiger_shot_strong/Sagat_ht1bis.png
1010-tiger_shot_jab/Sagat_ht1bis.png renamed as 1010-tiger_shot_jab/Sagat_ht1bisbis.png
1011-tiger_shot_strong/Sagat_ht2.png renamed as 1011-tiger_shot_strong/Sagat_ht2bis.png
1010-tiger_shot_jab/Sagat_ht2bis.png renamed as 1010-tiger_shot_jab/Sagat_ht2bisbis.png
1011-tiger_shot_strong/Sagat_ht3.png renamed as 1011-tiger_shot_strong/Sagat_ht3bis.png
1010-tiger_shot_jab/Sagat_ht3bis.png renamed as 1010-tiger_shot_jab/Sagat_ht3bisbis.png
1011-tiger_shot_strong/Sagat_ht4.png renamed as 1011-tiger_shot_strong/Sagat_ht4bis.png
1020-low_tiger_shot_short/Sagat_lt1.png renamed as 1020-low_tiger_shot_short/Sagat_lt1bis.png
1020-low_tiger_shot_short/Sagat_lt2.png renamed as 1020-low_tiger_shot_short/Sagat_lt2bis.png
1020-low_tiger_shot_short/Sagat_lt3.png renamed as 1020-low_tiger_shot_short/Sagat_lt3bis.png
1020-low_tiger_shot_short/Sagat_lt4.png renamed as 1020-low_tiger_shot_short/Sagat_lt4bis.png
1021-low_tiger_shot_forward/Sagat_lt1.png renamed as 1021-low_tiger_shot_forward/Sagat_lt1bis.png
1020-low_tiger_shot_short/Sagat_lt1bis.png renamed as 1020-low_tiger_shot_short/Sagat_lt1bisbis.png
1021-low_tiger_shot_forward/Sagat_lt2.png renamed as 1021-low_tiger_shot_forward/Sagat_lt2bis.png
1020-low_tiger_shot_short/Sagat_lt2bis.png renamed as 1020-low_tiger_shot_short/Sagat_lt2bisbis.png
1021-low_tiger_shot_forward/Sagat_lt3.png renamed as 1021-low_tiger_shot_forward/Sagat_lt3bis.png
1020-low_tiger_shot_short/Sagat_lt3bis.png renamed as 1020-low_tiger_shot_short/Sagat_lt3bisbis.png
1021-low_tiger_shot_forward/Sagat_lt4.png renamed as 1021-low_tiger_shot_forward/Sagat_lt4bis.png
1020-low_tiger_shot_short/Sagat_lt4bis.png renamed as 1020-low_tiger_shot_short/Sagat_lt4bisbis.png
9100-back_jump/bj1.png renamed as 9100-back_jump/bj1bis.png
9100-back_jump/bj2.png renamed as 9100-back_jump/bj2bis.png
9100-back_jump/bj3.png renamed as 9100-back_jump/bj3bis.png
9100-back_jump/bj4.png renamed as 9100-back_jump/bj4bis.png
9100-back_jump/bj5.png renamed as 9100-back_jump/bj5bis.png
9100-back_jump/bj6.png renamed as 9100-back_jump/bj6bis.png
9100-back_jump/bj7.png renamed as 9100-back_jump/bj7bis.png
9100-back_jump/bj8.png renamed as 9100-back_jump/bj8bis.png
9100-back_jump/bj9.png renamed as 9100-back_jump/bj9bis.png
9100-neutral_jump/nj1.png renamed as 9100-neutral_jump/nj1bis.png
9100-neutral_jump/nj2.png renamed as 9100-neutral_jump/nj2bis.png
9100-neutral_jump/nj3.png renamed as 9100-neutral_jump/nj3bis.png
9100-neutral_jump/nj4.png renamed as 9100-neutral_jump/nj4bis.png
9100-neutral_jump/nj5.png renamed as 9100-neutral_jump/nj5bis.png
9100-neutral_jump/nj6.png renamed as 9100-neutral_jump/nj6bis.png
9100-neutral_jump/nj7.png renamed as 9100-neutral_jump/nj7bis.png
9100-neutral_jump/nj8.png renamed as 9100-neutral_jump/nj8bis.png
9100-neutral_jump/nj9.png renamed as 9100-neutral_jump/nj9bis.png
end
1010-rising_hawk_jab/tb10.png renamed as 1010-rising_hawk_jab/tb10bis.png
1010-rising_hawk_jab/tb11.png renamed as 1010-rising_hawk_jab/tb11bis.png
1010-rising_hawk_jab/tb1.png renamed as 1010-rising_hawk_jab/tb1bis.png
1010-rising_hawk_jab/tb2.png renamed as 1010-rising_hawk_jab/tb2bis.png
1010-rising_hawk_jab/tb6.png renamed as 1010-rising_hawk_jab/tb6bis.png
1010-rising_hawk_jab/tb7.png renamed as 1010-rising_hawk_jab/tb7bis.png
1010-rising_hawk_jab/tb8.png renamed as 1010-rising_hawk_jab/tb8bis.png
1010-rising_hawk_jab/tb9.png renamed as 1010-rising_hawk_jab/tb9bis.png
end
0013-close_standing_jab_clawless/stcljab1.png renamed as 0013-close_standing_jab_clawless/stcljab1bis.png
0013-close_standing_jab_clawless/stcljab2.png renamed as 0013-close_standing_jab_clawless/stcljab2bis.png
0013-close_standing_jab_clawless/stcljab4.png renamed as 0013-close_standing_jab_clawless/stcljab4bis.png
0014-crouching_jab_clawless/crjab1.png renamed as 0014-crouching_jab_clawless/crjab1bis.png
0014-crouching_jab_clawless/crjab2.png renamed as 0014-crouching_jab_clawless/crjab2bis.png
0014-crouching_jab_clawless/crjab3.png renamed as 0014-crouching_jab_clawless/crjab3bis.png
0014-crouching_jab_clawless/crjab5.png renamed as 0014-crouching_jab_clawless/crjab5bis.png
0014-crouching_jab_clawless/crjab6.png renamed as 0014-crouching_jab_clawless/crjab6bis.png
0014-crouching_jab_clawless/crjab7.png renamed as 0014-crouching_jab_clawless/crjab7bis.png
0014-crouching_jab_clawless/crjab8.png renamed as 0014-crouching_jab_clawless/crjab8bis.png
0022-far_standing_strong_clawless/stfarstrng1.png renamed as 0022-far_standing_strong_clawless/stfarstrng1bis.png
0022-far_standing_strong_clawless/stfarstrng2.png renamed as 0022-far_standing_strong_clawless/stfarstrng2bis.png
0022-far_standing_strong_clawless/stfarstrng4.png renamed as 0022-far_standing_strong_clawless/stfarstrng4bis.png
0022-far_standing_strong_clawless/stfarstrng5.png renamed as 0022-far_standing_strong_clawless/stfarstrng5bis.png
0023-close_standing_strong_clawless/stclstrng1.png renamed as 0023-close_standing_strong_clawless/stclstrng1bis.png
0023-close_standing_strong_clawless/stclstrng2.png renamed as 0023-close_standing_strong_clawless/stclstrng2bis.png
0023-close_standing_strong_clawless/stclstrng4.png renamed as 0023-close_standing_strong_clawless/stclstrng4bis.png
0032-far_standing_fierce_clawless/stfarfrc1.png renamed as 0032-far_standing_fierce_clawless/stfarfrc1bis.png
0032-far_standing_fierce_clawless/stfarfrc2.png renamed as 0032-far_standing_fierce_clawless/stfarfrc2bis.png
0032-far_standing_fierce_clawless/stfarfrc3.png renamed as 0032-far_standing_fierce_clawless/stfarfrc3bis.png
0032-far_standing_fierce_clawless/stfarfrc5.png renamed as 0032-far_standing_fierce_clawless/stfarfrc5bis.png
0032-far_standing_fierce_clawless/stfarfrc6.png renamed as 0032-far_standing_fierce_clawless/stfarfrc6bis.png
0033-close_standing_fierce_clawless/stclfrc1.png renamed as 0033-close_standing_fierce_clawless/stclfrc1bis.png
0033-close_standing_fierce_clawless/stclfrc2.png renamed as 0033-close_standing_fierce_clawless/stclfrc2bis.png
0033-close_standing_fierce_clawless/stclfrc3.png renamed as 0033-close_standing_fierce_clawless/stclfrc3bis.png
0033-close_standing_fierce_clawless/stclfrc5.png renamed as 0033-close_standing_fierce_clawless/stclfrc5bis.png
0033-close_standing_fierce_clawless/stclfrc6.png renamed as 0033-close_standing_fierce_clawless/stclfrc6bis.png
0034-crouching_fierce_clawless/crfrc1.png renamed as 0034-crouching_fierce_clawless/crfrc1bis.png
0034-crouching_fierce_clawless/crfrc2.png renamed as 0034-crouching_fierce_clawless/crfrc2bis.png
0034-crouching_fierce_clawless/crfrc3.png renamed as 0034-crouching_fierce_clawless/crfrc3bis.png
0034-crouching_fierce_clawless/crfrc5.png renamed as 0034-crouching_fierce_clawless/crfrc5bis.png
0034-crouching_fierce_clawless/crfrc6.png renamed as 0034-crouching_fierce_clawless/crfrc6bis.png
0034-crouching_fierce_clawless/crfrc7.png renamed as 0034-crouching_fierce_clawless/crfrc7bis.png
0034-crouching_fierce_clawless/crfrc8.png renamed as 0034-crouching_fierce_clawless/crfrc8bis.png
1010-rolling_crystal_jab/rcf10p2.png renamed as 1010-rolling_crystal_jab/rcf10p2bis.png
1010-rolling_crystal_jab/rcf11p2.png renamed as 1010-rolling_crystal_jab/rcf11p2bis.png
1010-rolling_crystal_jab/rcf1.png renamed as 1010-rolling_crystal_jab/rcf1bis.png
1010-rolling_crystal_jab/rcf2.png renamed as 1010-rolling_crystal_jab/rcf2bis.png
1010-rolling_crystal_jab/rcf7p2.png renamed as 1010-rolling_crystal_jab/rcf7p2bis.png
1010-rolling_crystal_jab/rcf8p2.png renamed as 1010-rolling_crystal_jab/rcf8p2bis.png
1010-rolling_crystal_jab/rcf9p2.png renamed as 1010-rolling_crystal_jab/rcf9p2bis.png
1011-rolling_crystal_ending_clawless/rcfe1.png renamed as 1011-rolling_crystal_ending_clawless/rcfe1bis.png
1011-rolling_crystal_ending_clawless/rcfe2.png renamed as 1011-rolling_crystal_ending_clawless/rcfe2bis.png
1011-rolling_crystal_ending_clawless/rcfe3.png renamed as 1011-rolling_crystal_ending_clawless/rcfe3bis.png
1040-scarlet_terror/st10.png renamed as 1040-scarlet_terror/st10bis.png
1040-scarlet_terror/st11.png renamed as 1040-scarlet_terror/st11bis.png
1040-scarlet_terror/st1.png renamed as 1040-scarlet_terror/st1bis.png
1040-scarlet_terror/st2.png renamed as 1040-scarlet_terror/st2bis.png
1040-scarlet_terror/st3.png renamed as 1040-scarlet_terror/st3bis.png
1040-scarlet_terror/st5.png renamed as 1040-scarlet_terror/st5bis.png
1040-scarlet_terror/st6.png renamed as 1040-scarlet_terror/st6bis.png
1040-scarlet_terror/st7.png renamed as 1040-scarlet_terror/st7bis.png
1040-scarlet_terror/st8.png renamed as 1040-scarlet_terror/st8bis.png
1040-scarlet_terror/st9.png renamed as 1040-scarlet_terror/st9bis.png
1139-wall_dive/dive1.png renamed as 1139-wall_dive/dive1bis.png
1139-wall_dive/dive2.png renamed as 1139-wall_dive/dive2bis.png
1139-wall_dive/dive3.png renamed as 1139-wall_dive/dive3bis.png
1139-wall_dive/dive4.png renamed as 1139-wall_dive/dive4bis.png
1139-wall_dive/dive5.png renamed as 1139-wall_dive/dive5bis.png
1140-flying_barcelona_clawless/fba1.png renamed as 1140-flying_barcelona_clawless/fba1bis.png
1140-flying_barcelona_clawless/fba3.png renamed as 1140-flying_barcelona_clawless/fba3bis.png
1140-flying_barcelona_clawless/fba4.png renamed as 1140-flying_barcelona_clawless/fba4bis.png
9100-back_jump/bj1.png renamed as 9100-back_jump/bj1bis.png
9100-back_jump/bj2.png renamed as 9100-back_jump/bj2bis.png
9100-back_jump/bj3.png renamed as 9100-back_jump/bj3bis.png
9100-back_jump/bj4.png renamed as 9100-back_jump/bj4bis.png
9100-back_jump/bj5.png renamed as 9100-back_jump/bj5bis.png
9100-back_jump/bj6.png renamed as 9100-back_jump/bj6bis.png
9100-back_jump/bj7.png renamed as 9100-back_jump/bj7bis.png
9100-back_jump/bj8.png renamed as 9100-back_jump/bj8bis.png
9100-neutral_jump/nj1.png renamed as 9100-neutral_jump/nj1bis.png
9100-neutral_jump/nj2.png renamed as 9100-neutral_jump/nj2bis.png
9100-neutral_jump/nj3.png renamed as 9100-neutral_jump/nj3bis.png
9100-neutral_jump/nj4.png renamed as 9100-neutral_jump/nj4bis.png
9100-neutral_jump/nj5.png renamed as 9100-neutral_jump/nj5bis.png
9100-neutral_jump/nj6.png renamed as 9100-neutral_jump/nj6bis.png
9100-neutral_jump/nj7.png renamed as 9100-neutral_jump/nj7bis.png
9100-neutral_jump/nj8.png renamed as 9100-neutral_jump/nj8bis.png
end
0125-headbutt_strong/hb1.png renamed as 0125-headbutt_strong/hb1bis.png
0125-headbutt_strong/hb3.png renamed as 0125-headbutt_strong/hb3bis.png
9100-back_jump/bj11.png renamed as 9100-back_jump/bj11bis.png
9100-back_jump/bj12.png renamed as 9100-back_jump/bj12bis.png
9100-back_jump/bj1.png renamed as 9100-back_jump/bj1bis.png
9100-back_jump/bj2.png renamed as 9100-back_jump/bj2bis.png
9100-back_jump/bj3.png renamed as 9100-back_jump/bj3bis.png
9100-back_jump/bj4.png renamed as 9100-back_jump/bj4bis.png
9100-back_jump/bj5.png renamed as 9100-back_jump/bj5bis.png
9100-back_jump/bj6.png renamed as 9100-back_jump/bj6bis.png
9100-back_jump/bj7.png renamed as 9100-back_jump/bj7bis.png
9100-back_jump/bj8.png renamed as 9100-back_jump/bj8bis.png
9100-back_jump/bj9.png renamed as 9100-back_jump/bj9bis.png
9100-neutral_jump/nj11.png renamed as 9100-neutral_jump/nj11bis.png
9100-neutral_jump/nj12.png renamed as 9100-neutral_jump/nj12bis.png
9100-neutral_jump/nj1.png renamed as 9100-neutral_jump/nj1bis.png
9100-neutral_jump/nj2.png renamed as 9100-neutral_jump/nj2bis.png
9100-neutral_jump/nj3.png renamed as 9100-neutral_jump/nj3bis.png
9100-neutral_jump/nj4.png renamed as 9100-neutral_jump/nj4bis.png
9100-neutral_jump/nj5.png renamed as 9100-neutral_jump/nj5bis.png
9100-neutral_jump/nj6.png renamed as 9100-neutral_jump/nj6bis.png
9100-neutral_jump/nj7.png renamed as 9100-neutral_jump/nj7bis.png
9100-neutral_jump/nj8.png renamed as 9100-neutral_jump/nj8bis.png
9100-neutral_jump/nj9.png renamed as 9100-neutral_jump/nj9bis.png
end

